<?xml version="1.0" encoding="UTF-8"?>

<presidents>
    <president>
       <index>1</index>
       <name>
           <last>Washington</last>
           <first>George</first>
       </name>
       <termstart>
           <year>1789</year>
           <month>Apr</month>
           <day>30</day>
       </termstart>
       <termend>
           <year>1797</year>
           <month>Mar</month>
           <day>04</day>
       </termend>
       <birthplace>Westmoreland County</birthplace>
       <birthstate>Virginia</birthstate>
       <birth>
           <year>1732</year>
           <month>Feb</month>
           <day>22</day>
       </birth>
       <death>
           <year>1799</year>
           <month>Dec</month>
           <day>14</day>
       </death>
       <party>no party</party>
    </president> 

    <president>
       <index>2</index>
       <name>
           <last>Adams</last>
           <first>John</first>
       </name>
       <termstart>
           <year>1797</year>
           <month>Mar</month>
           <day>04</day>
       </termstart>
       <termend>
           <year>1801</year>
           <month>Mar</month>
           <day>04</day>
       </termend>
       <birthplace>Braintree, Norfolk</birthplace>
       <birthstate>Massachusetts</birthstate>
       <birth>
           <year>1735</year>
           <month>Oct</month>
           <day>30</day>
       </birth>
       <death>
           <year>1826</year>
           <month>Jul</month>
           <day>04</day>
       </death>
       <party>Federalist</party>
    </president> 

    <president>
       <index>3</index>
       <name>
           <last>Jefferson</last>
           <first>Thomas</first>
       </name>
       <termstart>
           <year>1801</year>
           <month>Mar</month>
           <day>04</day>
       </termstart>
       <termend>
           <year>1809</year>
           <month>Mar</month>
           <day>04</day>
       </termend>
       <birthplace>Albermarle County</birthplace>
       <birthstate>Virginia</birthstate>
       <birth>
           <year>1743</year>
           <month>Apr</month>
           <day>13</day>
       </birth>
       <death>
           <year>1826</year>
           <month>Jul</month>
           <day>04</day>
       </death>
       <party>Democratic - Republican</party>
    </president> 

    <president>
       <index>4</index>
       <name>
           <last>Madison</last>
           <first>James</first>
       </name>
       <termstart>
           <year>1809</year>
           <month>Mar</month>
           <day>04</day>
       </termstart>
       <termend>
           <year>1817</year>
           <month>Mar</month>
           <day>04</day>
       </termend>
       <birthplace>Port Conway</birthplace>
       <birthstate>Virginia</birthstate>
       <birth>
           <year>1751</year>
           <month>Mar</month>
           <day>16</day>
       </birth>
       <death>
           <year>1836</year>
           <month>Jun</month>
           <day>28</day>
       </death>
       <party>Democratic - Republican</party>
    </president> 

    <president>
       <index>5</index>
       <name>
           <last>Monroe</last>
           <first>James</first>
       </name>
       <termstart>
           <year>1817</year>
           <month>Mar</month>
           <day>04</day>
       </termstart>
       <termend>
           <year>1825</year>
           <month>Mar</month>
           <day>04</day>
       </termend>
       <birthplace>Westmoreland County</birthplace>
       <birthstate>Virginia</birthstate>
       <birth>
           <year>1758</year>
           <month>Apr</month>
           <day>28</day>
       </birth>
       <death>
           <year>1831</year>
           <month>Jul</month>
           <day>04</day>
       </death>
       <party>Democratic - Republican</party>
    </president> 

    <president>
       <index>6</index>
       <name>
           <last>Adams</last>
           <first>John Quincy</first>
       </name>
       <termstart>
           <year>1825</year>
           <month>Mar</month>
           <day>04</day>
       </termstart>
       <termend>
           <year>1829</year>
           <month>Mar</month>
           <day>04</day>
       </termend>
       <birthplace>Braintree, Norfolk</birthplace>
       <birthstate>Massachusetts</birthstate>
       <birth>
           <year>1767</year>
           <month>Jul</month>
           <day>11</day>
       </birth>
       <death>
           <year>1848</year>
           <month>Feb</month>
           <day>23</day>
       </death>
       <party>Democratic - Republican</party>
    </president> 

    <president>
       <index>7</index>
       <name>
           <last>Jackson</last>
           <first>Andrew</first>
       </name>
       <termstart>
           <year>1829</year>
           <month>Mar</month>
           <day>04</day>
       </termstart>
       <termend>
           <year>1837</year>
           <month>Mar</month>
           <day>04</day>
       </termend>
       <birthplace>Waxhaw</birthplace>
       <birthstate>South Carolina</birthstate>
       <birth>
           <year>1767</year>
           <month>Mar</month>
           <day>15</day>
       </birth>
       <death>
           <year>1845</year>
           <month>Jun</month>
           <day>08</day>
       </death>
       <party>Democratic</party>
    </president> 

    <president>
       <index>8</index>
       <name>
           <last>Van Buren</last>
           <first>Martin</first>
       </name>
       <termstart>
           <year>1837</year>
           <month>Mar</month>
           <day>04</day>
       </termstart>
       <termend>
           <year>1841</year>
           <month>Mar</month>
           <day>04</day>
       </termend>
       <birthplace>Kinderhook</birthplace>
       <birthstate>New York</birthstate>
       <birth>
           <year>1782</year>
           <month>Dec</month>
           <day>05</day>
       </birth>
       <death>
           <year>1862</year>
           <month>Jul</month>
           <day>24</day>
       </death>
       <party>Democratic</party>
    </president> 

    <president>
       <index>9</index>
       <name>
           <last>Harrison</last>
           <first>William Henry</first>
       </name>
       <termstart>
           <year>1841</year>
           <month>Mar</month>
           <day>04</day>
       </termstart>
       <termend>
           <year>1841</year>
           <month>Apr</month>
           <day>04</day>
       </termend>
       <birthplace>Berkeley</birthplace>
       <birthstate>Virginia</birthstate>
       <birth>
           <year>1773</year>
           <month>Feb</month>
           <day>09</day>
       </birth>
       <death>
           <year>1841</year>
           <month>Apr</month>
           <day>04</day>
       </death>
       <party>Whig</party>
    </president> 

    <president>
       <index>10</index>
       <name>
           <last>Tyler</last>
           <first>John</first>
       </name>
       <termstart>
           <year>1841</year>
           <month>Apr</month>
           <day>04</day>
       </termstart>
       <termend>
           <year>1845</year>
           <month>Mar</month>
           <day>04</day>
       </termend>
       <birthplace>Charles City County</birthplace>
       <birthstate>Virginia</birthstate>
       <birth>
           <year>1790</year>
           <month>Mar</month>
           <day>29</day>
       </birth>
       <death>
           <year>1862</year>
           <month>Jan</month>
           <day>18</day>
       </death>
       <party>Whig</party>
    </president> 

    <president>
       <index>11</index>
       <name>
           <last>Polk</last>
           <first>James Knox</first>
       </name>
       <termstart>
           <year>1845</year>
           <month>Mar</month>
           <day>04</day>
       </termstart>
       <termend>
           <year>1849</year>
           <month>Mar</month>
           <day>03</day>
       </termend>
       <birthplace>Mecklenburg County</birthplace>
       <birthstate>North Carolina</birthstate>
       <birth>
           <year>1795</year>
           <month>Nov</month>
           <day>02</day>
       </birth>
       <death>
           <year>1849</year>
           <month>Jun</month>
           <day>15</day>
       </death>
       <party>Democratic</party>
    </president> 

    <president>
       <index>12</index>
       <name>
           <last>Taylor</last>
           <first>Zachary</first>
       </name>
       <termstart>
           <year>1849</year>
           <month>Mar</month>
           <day>05</day>
       </termstart>
       <termend>
           <year>1850</year>
           <month>Jul</month>
           <day>09</day>
       </termend>
       <birthplace>Orange County</birthplace>
       <birthstate>Virginia</birthstate>
       <birth>
           <year>1784</year>
           <month>Nov</month>
           <day>24</day>
       </birth>
       <death>
           <year>1850</year>
           <month>Jul</month>
           <day>09</day>
       </death>
       <party>Whig</party>
    </president> 

    <president>
       <index>13</index>
       <name>
           <last>Fillmore</last>
           <first>Millard</first>
       </name>
       <termstart>
           <year>1850</year>
           <month>Jul</month>
           <day>09</day>
       </termstart>
       <termend>
           <year>1853</year>
           <month>Mar</month>
           <day>04</day>
       </termend>
       <birthplace>Cayuga County</birthplace>
       <birthstate>New York</birthstate>
       <birth>
           <year>1800</year>
           <month>Jan</month>
           <day>07</day>
       </birth>
       <death>
           <year>1874</year>
           <month>Mar</month>
           <day>08</day>
       </death>
       <party>Whig</party>
    </president> 

    <president>
       <index>14</index>
       <name>
           <last>Pierce</last>
           <first>Franklin</first>
       </name>
       <termstart>
           <year>1853</year>
           <month>Mar</month>
           <day>04</day>
       </termstart>
       <termend>
           <year>1857</year>
           <month>Mar</month>
           <day>04</day>
       </termend>
       <birthplace>Hillsboro</birthplace>
       <birthstate>New Hampshire</birthstate>
       <birth>
           <year>1804</year>
           <month>Nov</month>
           <day>23</day>
       </birth>
       <death>
           <year>1869</year>
           <month>Oct</month>
           <day>08</day>
       </death>
       <party>Democratic</party>
    </president> 

    <president>
       <index>15</index>
       <name>
           <last>Buchanan</last>
           <first>James</first>
       </name>
       <termstart>
           <year>1857</year>
           <month>Mar</month>
           <day>04</day>
       </termstart>
       <termend>
           <year>1861</year>
           <month>Mar</month>
           <day>04</day>
       </termend>
       <birthplace>Cove Gap</birthplace>
       <birthstate>Pennsylvania</birthstate>
       <birth>
           <year>1791</year>
           <month>Apr</month>
           <day>23</day>
       </birth>
       <death>
           <year>1868</year>
           <month>Jun</month>
           <day>01</day>
       </death>
       <party>Democratic</party>
    </president> 

    <president>
       <index>16</index>
       <name>
           <last>Lincoln</last>
           <first>Abraham</first>
       </name>
       <termstart>
           <year>1861</year>
           <month>Mar</month>
           <day>04</day>
       </termstart>
       <termend>
           <year>1865</year>
           <month>Apr</month>
           <day>15</day>
       </termend>
       <birthplace>Hodgenville, Hardin County</birthplace>
       <birthstate>Kentucky</birthstate>
       <birth>
           <year>1809</year>
           <month>Feb</month>
           <day>12</day>
       </birth>
       <death>
           <year>1865</year>
           <month>Apr</month>
           <day>15</day>
       </death>
       <party>Republican</party>
    </president> 

    <president>
       <index>17</index>
       <name>
           <last>Johnson</last>
           <first>Andrew</first>
       </name>
       <termstart>
           <year>1865</year>
           <month>Apr</month>
           <day>15</day>
       </termstart>
       <termend>
           <year>1869</year>
           <month>Mar</month>
           <day>04</day>
       </termend>
       <birthplace>Raleigh</birthplace>
       <birthstate>North Carolina</birthstate>
       <birth>
           <year>1808</year>
           <month>Dec</month>
           <day>29</day>
       </birth>
       <death>
           <year>1875</year>
           <month>Jul</month>
           <day>31</day>
       </death>
       <party>Republican</party>
    </president> 

    <president>
       <index>18</index>
       <name>
           <last>Grant</last>
           <first>Ulysses Simpson</first>
       </name>
       <termstart>
           <year>1869</year>
           <month>Mar</month>
           <day>04</day>
       </termstart>
       <termend>
           <year>1877</year>
           <month>Mar</month>
           <day>04</day>
       </termend>
       <birthplace>Point Pleasant</birthplace>
       <birthstate>Ohio</birthstate>
       <birth>
           <year>1822</year>
           <month>Apr</month>
           <day>27</day>
       </birth>
       <death>
           <year>1885</year>
           <month>Jul</month>
           <day>23</day>
       </death>
       <party>Republican</party>
    </president> 

    <president>
       <index>19</index>
       <name>
           <last>Hayes</last>
           <first>Rutherford Birchard</first>
       </name>
       <termstart>
           <year>1877</year>
           <month>Mar</month>
           <day>04</day>
       </termstart>
       <termend>
           <year>1881</year>
           <month>Mar</month>
           <day>04</day>
       </termend>
       <birthplace>Delaware</birthplace>
       <birthstate>Ohio</birthstate>
       <birth>
           <year>1822</year>
           <month>Oct</month>
           <day>04</day>
       </birth>
       <death>
           <year>1893</year>
           <month>Jan</month>
           <day>17</day>
       </death>
       <party>Republican</party>
    </president> 

    <president>
       <index>20</index>
       <name>
           <last>Garfield</last>
           <first>James Abram</first>
       </name>
       <termstart>
           <year>1881</year>
           <month>Mar</month>
           <day>04</day>
       </termstart>
       <termend>
           <year>1881</year>
           <month>Sep</month>
           <day>19</day>
       </termend>
       <birthplace>Orange, Cuyahoga County</birthplace>
       <birthstate>Ohio</birthstate>
       <birth>
           <year>1831</year>
           <month>Nov</month>
           <day>19</day>
       </birth>
       <death>
           <year>1881</year>
           <month>Sep</month>
           <day>19</day>
       </death>
       <party>Republican</party>
    </president> 

    <president>
       <index>21</index>
       <name>
           <last>Arthur</last>
           <first>Chester Alan</first>
       </name>
       <termstart>
           <year>1881</year>
           <month>Sep</month>
           <day>20</day>
       </termstart>
       <termend>
           <year>1885</year>
           <month>Mar</month>
           <day>04</day>
       </termend>
       <birthplace>Fairfield</birthplace>
       <birthstate>Vermont</birthstate>
       <birth>
           <year>1829</year>
           <month>Oct</month>
           <day>05</day>
       </birth>
       <death>
           <year>1886</year>
           <month>Nov</month>
           <day>18</day>
       </death>
       <party>Republican</party>
    </president> 

    <president>
       <index>22</index>
       <name>
           <last>Cleveland</last>
           <first>Grover</first>
       </name>
       <termstart>
           <year>1885</year>
           <month>Mar</month>
           <day>04</day>
       </termstart>
       <termend>
           <year>1889</year>
           <month>Mar</month>
           <day>04</day>
       </termend>
       <birthplace>Caldwell</birthplace>
       <birthstate>New Jersey</birthstate>
       <birth>
           <year>1837</year>
           <month>Mar</month>
           <day>18</day>
       </birth>
       <death>
           <year>1908</year>
           <month>Jun</month>
           <day>24</day>
       </death>
       <party>Democratic</party>
    </president> 

    <president>
       <index>23</index>
       <name>
           <last>Harrison</last>
           <first>Benjamin</first>
       </name>
       <termstart>
           <year>1889</year>
           <month>Mar</month>
           <day>04</day>
       </termstart>
       <termend>
           <year>1893</year>
           <month>Mar</month>
           <day>04</day>
       </termend>
       <birthplace>North Bend</birthplace>
       <birthstate>Ohio</birthstate>
       <birth>
           <year>1833</year>
           <month>Aug</month>
           <day>20</day>
       </birth>
       <death>
           <year>1901</year>
           <month>Mar</month>
           <day>13</day>
       </death>
       <party>Republican</party>
    </president> 

    <president>
       <index>24</index>
       <name>
           <last>Cleveland</last>
           <first>Grover</first>
       </name>
       <termstart>
           <year>1893</year>
           <month>Mar</month>
           <day>04</day>
       </termstart>
       <termend>
           <year>1897</year>
           <month>Mar</month>
           <day>04</day>
       </termend>
       <birthplace>Caldwell</birthplace>
       <birthstate>New Jersey</birthstate>
       <birth>
           <year>1837</year>
           <month>Mar</month>
           <day>18</day>
       </birth>
       <death>
           <year>1908</year>
           <month>Jun</month>
           <day>24</day>
       </death>
       <party>Democratic</party>
    </president> 

    <president>
       <index>25</index>
       <name>
           <last>McKinley</last>
           <first>William</first>
       </name>
       <termstart>
           <year>1897</year>
           <month>Mar</month>
           <day>04</day>
       </termstart>
       <termend>
           <year>1901</year>
           <month>Sep</month>
           <day>14</day>
       </termend>
       <birthplace>Niles</birthplace>
       <birthstate>Ohio</birthstate>
       <birth>
           <year>1843</year>
           <month>Jan</month>
           <day>29</day>
       </birth>
       <death>
           <year>1901</year>
           <month>Sep</month>
           <day>14</day>
       </death>
       <party>Republican</party>
    </president> 

    <president>
       <index>26</index>
       <name>
           <last>Roosevelt</last>
           <first>Theodore</first>
       </name>
       <termstart>
           <year>1901</year>
           <month>Sep</month>
           <day>14</day>
       </termstart>
       <termend>
           <year>1909</year>
           <month>Mar</month>
           <day>04</day>
       </termend>
       <birthplace>New York City</birthplace>
       <birthstate>New York</birthstate>
       <birth>
           <year>1858</year>
           <month>Oct</month>
           <day>27</day>
       </birth>
       <death>
           <year>1919</year>
           <month>Jan</month>
           <day>06</day>
       </death>
       <party>Republican</party>
    </president> 

    <president>
       <index>27</index>
       <name>
           <last>Taft</last>
           <first>William Howard</first>
       </name>
       <termstart>
           <year>1909</year>
           <month>Mar</month>
           <day>04</day>
       </termstart>
       <termend>
           <year>1913</year>
           <month>Mar</month>
           <day>04</day>
       </termend>
       <birthplace>Cincinnati</birthplace>
       <birthstate>Ohio</birthstate>
       <birth>
           <year>1857</year>
           <month>Sep</month>
           <day>15</day>
       </birth>
       <death>
           <year>1930</year>
           <month>Mar</month>
           <day>08</day>
       </death>
       <party>Republican</party>
    </president> 

    <president>
       <index>28</index>
       <name>
           <last>Wilson</last>
           <first>Woodrow</first>
       </name>
       <termstart>
           <year>1913</year>
           <month>Mar</month>
           <day>04</day>
       </termstart>
       <termend>
           <year>1921</year>
           <month>Mar</month>
           <day>04</day>
       </termend>
       <birthplace>Staunton</birthplace>
       <birthstate>Virginia</birthstate>
       <birth>
           <year>1856</year>
           <month>Dec</month>
           <day>28</day>
       </birth>
       <death>
           <year>1924</year>
           <month>Feb</month>
           <day>03</day>
       </death>
       <party>Democratic</party>
    </president> 

    <president>
       <index>29</index>
       <name>
           <last>Harding</last>
           <first>Warren Gamaliel</first>
       </name>
       <termstart>
           <year>1921</year>
           <month>Mar</month>
           <day>04</day>
       </termstart>
       <termend>
           <year>1923</year>
           <month>Aug</month>
           <day>02</day>
       </termend>
       <birthplace>Blooming Grove</birthplace>
       <birthstate>Ohio</birthstate>
       <birth>
           <year>1865</year>
           <month>Nov</month>
           <day>02</day>
       </birth>
       <death>
           <year>1923</year>
           <month>Aug</month>
           <day>02</day>
       </death>
       <party>Republican</party>
    </president> 

    <president>
       <index>30</index>
       <name>
           <last>Coolidge</last>
           <first>Calvin</first>
       </name>
       <termstart>
           <year>1923</year>
           <month>Aug</month>
           <day>03</day>
       </termstart>
       <termend>
           <year>1929</year>
           <month>Mar</month>
           <day>04</day>
       </termend>
       <birthplace>Plymouth</birthplace>
       <birthstate>Vermont</birthstate>
       <birth>
           <year>1872</year>
           <month>Jul</month>
           <day>04</day>
       </birth>
       <death>
           <year>1933</year>
           <month>Jan</month>
           <day>05</day>
       </death>
       <party>Republican</party>
    </president> 

    <president>
       <index>31</index>
       <name>
           <last>Hoover</last>
           <first>Herbert Clark</first>
       </name>
       <termstart>
           <year>1929</year>
           <month>Mar</month>
           <day>04</day>
       </termstart>
       <termend>
           <year>1933</year>
           <month>Mar</month>
           <day>04</day>
       </termend>
       <birthplace>West Branch</birthplace>
       <birthstate>Iowa</birthstate>
       <birth>
           <year>1874</year>
           <month>Aug</month>
           <day>10</day>
       </birth>
       <death>
           <year>1964</year>
           <month>Oct</month>
           <day>20</day>
       </death>
       <party>Republican</party>
    </president> 

    <president>
       <index>32</index>
       <name>
           <last>Roosevelt</last>
           <first>Franklin Delano</first>
       </name>
       <termstart>
           <year>1933</year>
           <month>Mar</month>
           <day>04</day>
       </termstart>
       <termend>
           <year>1945</year>
           <month>Apr</month>
           <day>12</day>
       </termend>
       <birthplace>Hyde Park</birthplace>
       <birthstate>New York</birthstate>
       <birth>
           <year>1882</year>
           <month>Jan</month>
           <day>30</day>
       </birth>
       <death>
           <year>1945</year>
           <month>Apr</month>
           <day>12</day>
       </death>
       <party>Democratic</party>
    </president> 

    <president>
       <index>33</index>
       <name>
           <last>Truman</last>
           <first>Harry S.</first>
       </name>
       <termstart>
           <year>1945</year>
           <month>Apr</month>
           <day>12</day>
       </termstart>
       <termend>
           <year>1953</year>
           <month>Jan</month>
           <day>20</day>
       </termend>
       <birthplace>Lamar</birthplace>
       <birthstate>Missouri</birthstate>
       <birth>
           <year>1884</year>
           <month>May</month>
           <day>08</day>
       </birth>
       <death>
           <year>1972</year>
           <month>Dec</month>
           <day>26</day>
       </death>
       <party>Democratic</party>
    </president> 

    <president>
       <index>34</index>
       <name>
           <last>Eisenhower</last>
           <first>Dwight David</first>
       </name>
       <termstart>
           <year>1953</year>
           <month>Jan</month>
           <day>20</day>
       </termstart>
       <termend>
           <year>1961</year>
           <month>Jan</month>
           <day>20</day>
       </termend>
       <birthplace>Denison</birthplace>
       <birthstate>Texas</birthstate>
       <birth>
           <year>1890</year>
           <month>Oct</month>
           <day>14</day>
       </birth>
       <death>
           <year>1969</year>
           <month>Mar</month>
           <day>28</day>
       </death>
       <party>Republican</party>
    </president> 

    <president>
       <index>35</index>
       <name>
           <last>Kennedy</last>
           <first>John Fitzgerald</first>
       </name>
       <termstart>
           <year>1961</year>
           <month>Jan</month>
           <day>20</day>
       </termstart>
       <termend>
           <year>1963</year>
           <month>Nov</month>
           <day>22</day>
       </termend>
       <birthplace>Brookline</birthplace>
       <birthstate>Massachusetts</birthstate>
       <birth>
           <year>1917</year>
           <month>May</month>
           <day>29</day>
       </birth>
       <death>
           <year>1963</year>
           <month>Nov</month>
           <day>22</day>
       </death>
       <party>Democratic</party>
    </president> 

    <president>
       <index>36</index>
       <name>
           <last>Johnson</last>
           <first>Lyndon Baines</first>
       </name>
       <termstart>
           <year>1963</year>
           <month>Nov</month>
           <day>22</day>
       </termstart>
       <termend>
           <year>1969</year>
           <month>Jan</month>
           <day>20</day>
       </termend>
       <birthplace>near Stonewall</birthplace>
       <birthstate>Texas</birthstate>
       <birth>
           <year>1908</year>
           <month>Aug</month>
           <day>27</day>
       </birth>
       <death>
           <year>1973</year>
           <month>Jan</month>
           <day>22</day>
       </death>
       <party>Democratic</party>
    </president> 

    <president>
       <index>37</index>
       <name>
           <last>Nixon</last>
           <first>Richard Milhous</first>
       </name>
       <termstart>
           <year>1969</year>
           <month>Jan</month>
           <day>20</day>
       </termstart>
       <termend>
           <year>1974</year>
           <month>Aug</month>
           <day>09</day>
       </termend>
       <birthplace>Yorba Linda</birthplace>
       <birthstate>California</birthstate>
       <birth>
           <year>1913</year>
           <month>Jan</month>
           <day>09</day>
       </birth>
       <death>
           <year>1994</year>
           <month>Apr</month>
           <day>22</day>
       </death>
       <party>Republican</party>
    </president> 

    <president>
       <index>38</index>
       <name>
           <last>Ford</last>
           <first>Gerald Rudolph</first>
       </name>
       <termstart>
           <year>1974</year>
           <month>Aug</month>
           <day>09</day>
       </termstart>
       <termend>
           <year>1977</year>
           <month>Jan</month>
           <day>20</day>
       </termend>
       <birthplace>Omaha</birthplace>
       <birthstate>Nebraska</birthstate>
       <birth>
           <year>1913</year>
           <month>Jul</month>
           <day>14</day>
       </birth>
       <death>
           <year></year>
           <month></month>
           <day></day>
       </death>
       <party>Republican</party>
    </president> 

    <president>
       <index>39</index>
       <name>
           <last>Carter</last>
           <first>James Earl ''Jimmy''</first>
       </name>
       <termstart>
           <year>1977</year>
           <month>Jan</month>
           <day>20</day>
       </termstart>
       <termend>
           <year>1981</year>
           <month>Jan</month>
           <day>20</day>
       </termend>
       <birthplace>Plains</birthplace>
       <birthstate>Georgia</birthstate>
       <birth>
           <year>1924</year>
           <month>Oct</month>
           <day>01</day>
       </birth>
       <death>
           <year></year>
           <month></month>
           <day></day>
       </death>
       <party>Democratic</party>
    </president> 

    <president>
       <index>40</index>
       <name>
           <last>Reagan</last>
           <first>Ronald Wilson</first>
       </name>
       <termstart>
           <year>1981</year>
           <month>Jan</month>
           <day>20</day>
       </termstart>
       <termend>
           <year>1989</year>
           <month>Jan</month>
           <day>20</day>
       </termend>
       <birthplace>Tampico</birthplace>
       <birthstate>Illinois</birthstate>
       <birth>
           <year>1911</year>
           <month>Feb</month>
           <day>06</day>
       </birth>
       <death>
           <year>2004</year>
           <month>Jun</month>
           <day>05</day>
       </death>
       <party>Republican</party>
    </president> 

    <president>
       <index>41</index>
       <name>
           <last>Bush</last>
           <first>George Herbert Walker</first>
       </name>
       <termstart>
           <year>1989</year>
           <month>Jan</month>
           <day>20</day>
       </termstart>
       <termend>
           <year>1993</year>
           <month>Jan</month>
           <day>20</day>
       </termend>
       <birthplace>Milton</birthplace>
       <birthstate>Massachusetts</birthstate>
       <birth>
           <year>1924</year>
           <month>Jun</month>
           <day>12</day>
       </birth>
       <death>
           <year>2018</year>
           <month>11</month>
           <day>30</day>
       </death>
       <party>Republican</party>
    </president> 

    <president>
       <index>42</index>
       <name>
           <last>Clinton</last>
           <first>William Jefferson ''Bill''</first>
       </name>
       <termstart>
           <year>1993</year>
           <month>Jan</month>
           <day>20</day>
       </termstart>
       <termend>
           <year>2001</year>
           <month>Jan</month>
           <day>20</day>
       </termend>
       <birthplace>Hope</birthplace>
       <birthstate>Arkansas</birthstate>
       <birth>
           <year>1946</year>
           <month>Aug</month>
           <day>19</day>
       </birth>
       <death>
           <year></year>
           <month></month>
           <day></day>
       </death>
       <party>Democratic</party>
    </president> 

    <president>
       <index>43</index>
       <name>
           <last>Bush</last>
           <first>George Walker</first>
       </name>
       <termstart>
           <year>2001</year>
           <month>Jan</month>
           <day>20</day>
       </termstart>
       <termend>
           <year>2009</year>
           <month>Jan</month>
           <day>20</day>
       </termend>
       <birthplace>New Haven</birthplace>
       <birthstate>Connecticut</birthstate>
       <birth>
           <year>1946</year>
           <month>Jul</month>
           <day>06</day>
       </birth>
       <death>
           <year></year>
           <month></month>
           <day></day>
       </death>
       <party>Republican</party>
    </president> 
    <president>
       <index>44</index>
       <name>
           <last>Obama</last>
           <first>Barack Hussein</first>
       </name>
       <termstart>
           <year>2009</year>
           <month>Jan</month>
           <day>20</day>
       </termstart>
       <termend>
           <year>2017</year>
           <month>Jan</month>
           <day>20</day>
       </termend>
       <birthplace>Honolulu</birthplace>
       <birthstate>Hawaii</birthstate>
       <birth>
           <year>1961</year>
           <month>Aug</month>
           <day>04</day>
       </birth>
       <death>
           <year></year>
           <month></month>
           <day></day>
       </death>
       <party>Democratic</party>
    </president> 
    <president>
       <index>45</index>
       <name>
           <last>Trump</last>
           <first>Donald John</first>
       </name>
       <termstart>
           <year>2017</year>
           <month>Jan</month>
           <day>20</day>
       </termstart>
       <termend>
           <year>2021</year>
           <month>1</month>
           <day>20</day>
       </termend>
       <birthplace>Queens, NYC</birthplace>
       <birthstate>New York</birthstate>
       <birth>
           <year>1946</year>
           <month>Jun</month>
           <day>14</day>
       </birth>
       <death>
           <year></year>
           <month></month>
           <day></day>
       </death>
       <party>Republican</party>
    </president> 

    <president>
       <index>46</index>
       <name>
           <last>Biden</last>
           <first>Joseph Robinette</first>
       </name>
       <termstart>
           <year>2021</year>
           <month>Jan</month>
           <day>20</day>
       </termstart>
       <termend>
           <year></year>
           <month></month>
           <day></day>
       </termend>
       <birthplace>Scranton</birthplace>
       <birthstate>Pennsylvania</birthstate>
       <birth>
           <year>1942</year>
           <month>Nov</month>
           <day>10</day>
       </birth>
       <death>
           <year></year>
           <month></month>
           <day></day>
       </death>
       <party>Democratic</party>
    </president> 
</presidents>

